[
{
    "model": "core.disciplina",
    "pk": 1,
    "fields": {
        "nome": "Linguagem de Programação I",
        "codigo": "LP1I1",
        "pre_requisito": []
    }
},
{
    "model": "core.disciplina",
    "pk": 3,
    "fields": {
        "nome": "Linguagem de Programação II",
        "codigo": "LP2I2",
        "pre_requisito": [
            1,
            4
        ]
    }
},
{
    "model": "core.disciplina",
    "pk": 4,
    "fields": {
        "nome": "Algoritmos e Programação",
        "codigo": "APOI1",
        "pre_requisito": []
    }
},
{
    "model": "core.disciplina",
    "pk": 5,
    "fields": {
        "nome": "Arquitetura de Computadores",
        "codigo": "ARQI1",
        "pre_requisito": []
    }
},
{
    "model": "core.disciplina",
    "pk": 6,
    "fields": {
        "nome": "Comunicação e Expressão",
        "codigo": "CEEI1",
        "pre_requisito": []
    }
},
{
    "model": "core.disciplina",
    "pk": 7,
    "fields": {
        "nome": "História da Ciência e Tecnologia",
        "codigo": "HCTI1",
        "pre_requisito": []
    }
},
{
    "model": "core.disciplina",
    "pk": 8,
    "fields": {
        "nome": "Inglês Técnico",
        "codigo": "INGI1",
        "pre_requisito": []
    }
},
{
    "model": "core.disciplina",
    "pk": 9,
    "fields": {
        "nome": "Matemática",
        "codigo": "MATI1",
        "pre_requisito": []
    }
},
{
    "model": "core.disciplina",
    "pk": 10,
    "fields": {
        "nome": "Sistemas Operacionais",
        "codigo": "SOPI2",
        "pre_requisito": []
    }
},
{
    "model": "core.disciplina",
    "pk": 11,
    "fields": {
        "nome": "Engenharia de Software",
        "codigo": "ESWI2",
        "pre_requisito": []
    }
},
{
    "model": "core.disciplina",
    "pk": 12,
    "fields": {
        "nome": "Introdução à Administração",
        "codigo": "ADMI2",
        "pre_requisito": []
    }
},
{
    "model": "core.disciplina",
    "pk": 13,
    "fields": {
        "nome": "Inglês Técnico Avançado",
        "codigo": "IGTI2",
        "pre_requisito": [
            8
        ]
    }
},
{
    "model": "core.disciplina",
    "pk": 14,
    "fields": {
        "nome": "Banco de Dados I",
        "codigo": "BD1I2",
        "pre_requisito": []
    }
},
{
    "model": "core.disciplina",
    "pk": 15,
    "fields": {
        "nome": "Disciplina com 15 creditos",
        "codigo": "DC15C",
        "pre_requisito": []
    }
},
{
    "model": "core.disciplina",
    "pk": 16,
    "fields": {
        "nome": "CHEIA",
        "codigo": "CHEIA",
        "pre_requisito": []
    }
},
{
    "model": "core.sala",
    "pk": 1,
    "fields": {
        "numero": "1"
    }
},
{
    "model": "core.sala",
    "pk": 2,
    "fields": {
        "numero": "2"
    }
},
{
    "model": "core.sala",
    "pk": 6,
    "fields": {
        "numero": "fora da gr"
    }
},
{
    "model": "core.professor",
    "pk": 1,
    "fields": {
        "nome": "Professor 1"
    }
},
{
    "model": "core.professor",
    "pk": 2,
    "fields": {
        "nome": "Professor 2"
    }
},
{
    "model": "core.turma",
    "pk": 1,
    "fields": {
        "codigo": "Turma 1"
    }
},
{
    "model": "core.ofertadisciplina",
    "pk": 1,
    "fields": {
        "disciplina": 1,
        "professor": 1,
        "turma": 1,
        "vagas": 40,
        "aulas": [
            12,
            13,
            14,
            15
        ]
    }
},
{
    "model": "core.ofertadisciplina",
    "pk": 3,
    "fields": {
        "disciplina": 3,
        "professor": 1,
        "turma": 1,
        "vagas": 40,
        "aulas": [
            36,
            37,
            38,
            39
        ]
    }
},
{
    "model": "core.ofertadisciplina",
    "pk": 4,
    "fields": {
        "disciplina": 4,
        "professor": 1,
        "turma": 1,
        "vagas": 40,
        "aulas": [
            20,
            21,
            22,
            23
        ]
    }
},
{
    "model": "core.ofertadisciplina",
    "pk": 5,
    "fields": {
        "disciplina": 5,
        "professor": 1,
        "turma": 1,
        "vagas": 40,
        "aulas": [
            18,
            19
        ]
    }
},
{
    "model": "core.ofertadisciplina",
    "pk": 6,
    "fields": {
        "disciplina": 6,
        "professor": 1,
        "turma": 1,
        "vagas": 40,
        "aulas": [
            26,
            27
        ]
    }
},
{
    "model": "core.ofertadisciplina",
    "pk": 7,
    "fields": {
        "disciplina": 7,
        "professor": 1,
        "turma": 1,
        "vagas": 40,
        "aulas": [
            16,
            17
        ]
    }
},
{
    "model": "core.ofertadisciplina",
    "pk": 8,
    "fields": {
        "disciplina": 8,
        "professor": 1,
        "turma": 1,
        "vagas": 40,
        "aulas": [
            24,
            25
        ]
    }
},
{
    "model": "core.ofertadisciplina",
    "pk": 9,
    "fields": {
        "disciplina": 9,
        "professor": 1,
        "turma": 1,
        "vagas": 40,
        "aulas": [
            4,
            5,
            6,
            7
        ]
    }
},
{
    "model": "core.ofertadisciplina",
    "pk": 10,
    "fields": {
        "disciplina": 10,
        "professor": 2,
        "turma": 1,
        "vagas": 40,
        "aulas": [
            28,
            29,
            30,
            31
        ]
    }
},
{
    "model": "core.ofertadisciplina",
    "pk": 11,
    "fields": {
        "disciplina": 11,
        "professor": 2,
        "turma": 1,
        "vagas": 40,
        "aulas": [
            40,
            41,
            42,
            43
        ]
    }
},
{
    "model": "core.ofertadisciplina",
    "pk": 12,
    "fields": {
        "disciplina": 12,
        "professor": 2,
        "turma": 1,
        "vagas": 40,
        "aulas": [
            46,
            47
        ]
    }
},
{
    "model": "core.ofertadisciplina",
    "pk": 13,
    "fields": {
        "disciplina": 13,
        "professor": 2,
        "turma": 1,
        "vagas": 40,
        "aulas": [
            44,
            45
        ]
    }
},
{
    "model": "core.ofertadisciplina",
    "pk": 15,
    "fields": {
        "disciplina": 14,
        "professor": 2,
        "turma": 1,
        "vagas": 40,
        "aulas": [
            32,
            33,
            34,
            35
        ]
    }
},
{
    "model": "core.ofertadisciplina",
    "pk": 17,
    "fields": {
        "disciplina": 14,
        "professor": 1,
        "turma": 1,
        "vagas": 40,
        "aulas": [
            4,
            5,
            6,
            7
        ]
    }
},
{
    "model": "core.ofertadisciplina",
    "pk": 18,
    "fields": {
        "disciplina": 15,
        "professor": 1,
        "turma": 1,
        "vagas": 40,
        "aulas": [
            65,
            66,
            67,
            68,
            69,
            70,
            71,
            72,
            73,
            74,
            75,
            76,
            77,
            78,
            79
        ]
    }
},
{
    "model": "core.ofertadisciplina",
    "pk": 19,
    "fields": {
        "disciplina": 16,
        "professor": 1,
        "turma": 1,
        "vagas": 0,
        "aulas": [
            80
        ]
    }
},
{
    "model": "core.aula",
    "pk": 4,
    "fields": {
        "sala": 1,
        "horario_inicio": "19:00:00",
        "horario_fim": "19:50:00",
        "dia_da_semana": "SEG"
    }
},
{
    "model": "core.aula",
    "pk": 5,
    "fields": {
        "sala": 1,
        "horario_inicio": "19:50:00",
        "horario_fim": "20:40:00",
        "dia_da_semana": "SEG"
    }
},
{
    "model": "core.aula",
    "pk": 6,
    "fields": {
        "sala": 1,
        "horario_inicio": "20:55:00",
        "horario_fim": "21:45:00",
        "dia_da_semana": "SEG"
    }
},
{
    "model": "core.aula",
    "pk": 7,
    "fields": {
        "sala": 1,
        "horario_inicio": "21:45:00",
        "horario_fim": "22:35:00",
        "dia_da_semana": "SEG"
    }
},
{
    "model": "core.aula",
    "pk": 12,
    "fields": {
        "sala": 1,
        "horario_inicio": "19:00:00",
        "horario_fim": "19:50:00",
        "dia_da_semana": "TER"
    }
},
{
    "model": "core.aula",
    "pk": 13,
    "fields": {
        "sala": 1,
        "horario_inicio": "19:50:00",
        "horario_fim": "20:40:00",
        "dia_da_semana": "TER"
    }
},
{
    "model": "core.aula",
    "pk": 14,
    "fields": {
        "sala": 1,
        "horario_inicio": "20:55:00",
        "horario_fim": "21:45:00",
        "dia_da_semana": "TER"
    }
},
{
    "model": "core.aula",
    "pk": 15,
    "fields": {
        "sala": 1,
        "horario_inicio": "21:45:00",
        "horario_fim": "22:35:00",
        "dia_da_semana": "TER"
    }
},
{
    "model": "core.aula",
    "pk": 16,
    "fields": {
        "sala": 1,
        "horario_inicio": "19:00:00",
        "horario_fim": "19:50:00",
        "dia_da_semana": "QUA"
    }
},
{
    "model": "core.aula",
    "pk": 17,
    "fields": {
        "sala": 1,
        "horario_inicio": "19:50:00",
        "horario_fim": "20:40:00",
        "dia_da_semana": "QUA"
    }
},
{
    "model": "core.aula",
    "pk": 18,
    "fields": {
        "sala": 1,
        "horario_inicio": "20:55:00",
        "horario_fim": "21:45:00",
        "dia_da_semana": "QUA"
    }
},
{
    "model": "core.aula",
    "pk": 19,
    "fields": {
        "sala": 1,
        "horario_inicio": "21:45:00",
        "horario_fim": "22:35:00",
        "dia_da_semana": "QUA"
    }
},
{
    "model": "core.aula",
    "pk": 20,
    "fields": {
        "sala": 1,
        "horario_inicio": "19:00:00",
        "horario_fim": "19:50:00",
        "dia_da_semana": "QUI"
    }
},
{
    "model": "core.aula",
    "pk": 21,
    "fields": {
        "sala": 1,
        "horario_inicio": "19:50:00",
        "horario_fim": "20:40:00",
        "dia_da_semana": "QUI"
    }
},
{
    "model": "core.aula",
    "pk": 22,
    "fields": {
        "sala": 1,
        "horario_inicio": "20:55:00",
        "horario_fim": "21:45:00",
        "dia_da_semana": "QUI"
    }
},
{
    "model": "core.aula",
    "pk": 23,
    "fields": {
        "sala": 1,
        "horario_inicio": "21:45:00",
        "horario_fim": "22:35:00",
        "dia_da_semana": "QUI"
    }
},
{
    "model": "core.aula",
    "pk": 24,
    "fields": {
        "sala": 1,
        "horario_inicio": "19:00:00",
        "horario_fim": "19:50:00",
        "dia_da_semana": "SEX"
    }
},
{
    "model": "core.aula",
    "pk": 25,
    "fields": {
        "sala": 1,
        "horario_inicio": "19:50:00",
        "horario_fim": "20:40:00",
        "dia_da_semana": "SEX"
    }
},
{
    "model": "core.aula",
    "pk": 26,
    "fields": {
        "sala": 1,
        "horario_inicio": "20:55:00",
        "horario_fim": "21:45:00",
        "dia_da_semana": "SEX"
    }
},
{
    "model": "core.aula",
    "pk": 27,
    "fields": {
        "sala": 1,
        "horario_inicio": "21:45:00",
        "horario_fim": "22:35:00",
        "dia_da_semana": "SEX"
    }
},
{
    "model": "core.aula",
    "pk": 28,
    "fields": {
        "sala": 2,
        "horario_inicio": "19:00:00",
        "horario_fim": "19:50:00",
        "dia_da_semana": "SEG"
    }
},
{
    "model": "core.aula",
    "pk": 29,
    "fields": {
        "sala": 2,
        "horario_inicio": "19:50:00",
        "horario_fim": "20:40:00",
        "dia_da_semana": "SEG"
    }
},
{
    "model": "core.aula",
    "pk": 30,
    "fields": {
        "sala": 2,
        "horario_inicio": "20:55:00",
        "horario_fim": "21:45:00",
        "dia_da_semana": "SEG"
    }
},
{
    "model": "core.aula",
    "pk": 31,
    "fields": {
        "sala": 2,
        "horario_inicio": "21:45:00",
        "horario_fim": "22:35:00",
        "dia_da_semana": "SEG"
    }
},
{
    "model": "core.aula",
    "pk": 32,
    "fields": {
        "sala": 2,
        "horario_inicio": "19:00:00",
        "horario_fim": "19:50:00",
        "dia_da_semana": "TER"
    }
},
{
    "model": "core.aula",
    "pk": 33,
    "fields": {
        "sala": 2,
        "horario_inicio": "19:50:00",
        "horario_fim": "20:40:00",
        "dia_da_semana": "TER"
    }
},
{
    "model": "core.aula",
    "pk": 34,
    "fields": {
        "sala": 2,
        "horario_inicio": "20:55:00",
        "horario_fim": "21:45:00",
        "dia_da_semana": "TER"
    }
},
{
    "model": "core.aula",
    "pk": 35,
    "fields": {
        "sala": 2,
        "horario_inicio": "21:45:00",
        "horario_fim": "22:35:00",
        "dia_da_semana": "TER"
    }
},
{
    "model": "core.aula",
    "pk": 36,
    "fields": {
        "sala": 2,
        "horario_inicio": "19:00:00",
        "horario_fim": "19:50:00",
        "dia_da_semana": "QUA"
    }
},
{
    "model": "core.aula",
    "pk": 37,
    "fields": {
        "sala": 2,
        "horario_inicio": "19:50:00",
        "horario_fim": "20:40:00",
        "dia_da_semana": "QUA"
    }
},
{
    "model": "core.aula",
    "pk": 38,
    "fields": {
        "sala": 2,
        "horario_inicio": "20:55:00",
        "horario_fim": "21:45:00",
        "dia_da_semana": "QUA"
    }
},
{
    "model": "core.aula",
    "pk": 39,
    "fields": {
        "sala": 2,
        "horario_inicio": "21:45:00",
        "horario_fim": "22:35:00",
        "dia_da_semana": "QUA"
    }
},
{
    "model": "core.aula",
    "pk": 40,
    "fields": {
        "sala": 2,
        "horario_inicio": "19:00:00",
        "horario_fim": "19:50:00",
        "dia_da_semana": "QUI"
    }
},
{
    "model": "core.aula",
    "pk": 41,
    "fields": {
        "sala": 2,
        "horario_inicio": "19:50:00",
        "horario_fim": "20:40:00",
        "dia_da_semana": "QUI"
    }
},
{
    "model": "core.aula",
    "pk": 42,
    "fields": {
        "sala": 2,
        "horario_inicio": "20:55:00",
        "horario_fim": "21:45:00",
        "dia_da_semana": "QUI"
    }
},
{
    "model": "core.aula",
    "pk": 43,
    "fields": {
        "sala": 2,
        "horario_inicio": "21:45:00",
        "horario_fim": "22:35:00",
        "dia_da_semana": "QUI"
    }
},
{
    "model": "core.aula",
    "pk": 44,
    "fields": {
        "sala": 2,
        "horario_inicio": "19:00:00",
        "horario_fim": "19:50:00",
        "dia_da_semana": "SEX"
    }
},
{
    "model": "core.aula",
    "pk": 45,
    "fields": {
        "sala": 2,
        "horario_inicio": "19:50:00",
        "horario_fim": "20:40:00",
        "dia_da_semana": "SEX"
    }
},
{
    "model": "core.aula",
    "pk": 46,
    "fields": {
        "sala": 2,
        "horario_inicio": "20:55:00",
        "horario_fim": "21:45:00",
        "dia_da_semana": "SEX"
    }
},
{
    "model": "core.aula",
    "pk": 47,
    "fields": {
        "sala": 2,
        "horario_inicio": "21:45:00",
        "horario_fim": "22:35:00",
        "dia_da_semana": "SEX"
    }
},
{
    "model": "core.aula",
    "pk": 65,
    "fields": {
        "sala": 6,
        "horario_inicio": "07:00:00",
        "horario_fim": "07:50:00",
        "dia_da_semana": "SEG"
    }
},
{
    "model": "core.aula",
    "pk": 66,
    "fields": {
        "sala": 6,
        "horario_inicio": "07:50:00",
        "horario_fim": "08:40:00",
        "dia_da_semana": "SEG"
    }
},
{
    "model": "core.aula",
    "pk": 67,
    "fields": {
        "sala": 6,
        "horario_inicio": "08:55:00",
        "horario_fim": "09:45:00",
        "dia_da_semana": "SEG"
    }
},
{
    "model": "core.aula",
    "pk": 68,
    "fields": {
        "sala": 6,
        "horario_inicio": "09:45:00",
        "horario_fim": "10:35:00",
        "dia_da_semana": "SEG"
    }
},
{
    "model": "core.aula",
    "pk": 69,
    "fields": {
        "sala": 6,
        "horario_inicio": "07:00:00",
        "horario_fim": "07:50:00",
        "dia_da_semana": "TER"
    }
},
{
    "model": "core.aula",
    "pk": 70,
    "fields": {
        "sala": 6,
        "horario_inicio": "07:50:00",
        "horario_fim": "08:40:00",
        "dia_da_semana": "TER"
    }
},
{
    "model": "core.aula",
    "pk": 71,
    "fields": {
        "sala": 6,
        "horario_inicio": "08:55:00",
        "horario_fim": "09:45:00",
        "dia_da_semana": "TER"
    }
},
{
    "model": "core.aula",
    "pk": 72,
    "fields": {
        "sala": 6,
        "horario_inicio": "09:45:00",
        "horario_fim": "10:35:00",
        "dia_da_semana": "TER"
    }
},
{
    "model": "core.aula",
    "pk": 73,
    "fields": {
        "sala": 6,
        "horario_inicio": "07:00:00",
        "horario_fim": "07:50:00",
        "dia_da_semana": "QUA"
    }
},
{
    "model": "core.aula",
    "pk": 74,
    "fields": {
        "sala": 6,
        "horario_inicio": "07:50:00",
        "horario_fim": "08:40:00",
        "dia_da_semana": "QUA"
    }
},
{
    "model": "core.aula",
    "pk": 75,
    "fields": {
        "sala": 6,
        "horario_inicio": "08:55:00",
        "horario_fim": "09:45:00",
        "dia_da_semana": "QUA"
    }
},
{
    "model": "core.aula",
    "pk": 76,
    "fields": {
        "sala": 6,
        "horario_inicio": "09:45:00",
        "horario_fim": "10:35:00",
        "dia_da_semana": "QUA"
    }
},
{
    "model": "core.aula",
    "pk": 77,
    "fields": {
        "sala": 6,
        "horario_inicio": "07:00:00",
        "horario_fim": "07:50:00",
        "dia_da_semana": "QUI"
    }
},
{
    "model": "core.aula",
    "pk": 78,
    "fields": {
        "sala": 6,
        "horario_inicio": "07:50:00",
        "horario_fim": "08:40:00",
        "dia_da_semana": "QUI"
    }
},
{
    "model": "core.aula",
    "pk": 79,
    "fields": {
        "sala": 6,
        "horario_inicio": "08:55:00",
        "horario_fim": "09:45:00",
        "dia_da_semana": "QUI"
    }
},
{
    "model": "core.aula",
    "pk": 80,
    "fields": {
        "sala": 6,
        "horario_inicio": "09:45:00",
        "horario_fim": "10:35:00",
        "dia_da_semana": "QUI"
    }
},
{
    "model": "core.aluno",
    "pk": 1,
    "fields": {
        "nome": "Aluno 1"
    }
},
{
    "model": "core.aluno",
    "pk": 2,
    "fields": {
        "nome": "Aluno 2"
    }
},
{
    "model": "core.aluno",
    "pk": 3,
    "fields": {
        "nome": "Aluno 3"
    }
},
{
    "model": "core.listaespera",
    "pk": 4,
    "fields": {
        "disciplina": 16,
        "alunos": []
    }
},
{
    "model": "core.participacao",
    "pk": 5,
    "fields": {
        "aluno": 3,
        "ofertaDisciplina": 1,
        "status": "C"
    }
},
{
    "model": "core.participacao",
    "pk": 62,
    "fields": {
        "aluno": 2,
        "ofertaDisciplina": 1,
        "status": "A"
    }
},
{
    "model": "core.participacao",
    "pk": 63,
    "fields": {
        "aluno": 2,
        "ofertaDisciplina": 4,
        "status": "A"
    }
},
{
    "model": "core.participacao",
    "pk": 64,
    "fields": {
        "aluno": 2,
        "ofertaDisciplina": 5,
        "status": "A"
    }
},
{
    "model": "core.participacao",
    "pk": 65,
    "fields": {
        "aluno": 2,
        "ofertaDisciplina": 6,
        "status": "A"
    }
},
{
    "model": "core.participacao",
    "pk": 66,
    "fields": {
        "aluno": 2,
        "ofertaDisciplina": 7,
        "status": "A"
    }
},
{
    "model": "core.participacao",
    "pk": 67,
    "fields": {
        "aluno": 2,
        "ofertaDisciplina": 8,
        "status": "A"
    }
},
{
    "model": "core.participacao",
    "pk": 68,
    "fields": {
        "aluno": 2,
        "ofertaDisciplina": 9,
        "status": "A"
    }
}
]
